AbbevilleAbbevilleAbbotsfordAberdeenAberdeenAberdeenAberdeenAbernathyAbileneAbileneAbingdonAdaAdaAdamsAdelAdelAdjuntasAdrianAgatAguadillaAhoskieAir Force AcademyAjoAkronAkronAlachuaAlamogordoAlamosaAlbanyAlbanyAlbanyAlbanyAlbemarleAlbert LeaAlbertvilleAlbiaAlbionAlbionAlbionAlbuquerqueAldersonAledoAledoAlexander CityAlexandriaAlexandriaAlfredAlgomaAlgonaAliceAlleganAllendaleAllentownAllianceAllianceAlmaAlmaAlmontAlpenaAlpineAltavistaAltonAltoonaAlturasAltusAlvaAlvaradoAmarilloAmerican FallsAmericusAmeryAmesAmite CityAmoryAmouliAmsterdamAnacondaAnacortesAnadarkoAnamosaAnchorageAnchorage NortheastAndalusiaAndersonAndersonAndrewsAndrewsAngelsAngolaAnnaAnnaAnnandaleAnn ArborAnnistonAntigoAntiochApalachicolaAppletonApple ValleyArabArbuckleArcadeArcadiaArcadiaArcadiaArcataArchboldArcher LodgeArcolaArdmoreAreciboArizona CityArkadelphiaArkansas CityArlingtonArroyo GrandeArtesiaArvinAshburnAshdownAsheboroAshevilleAshlandAshlandAshlandAshlandAshlandAshland CityAshtabulaAshvilleAspenAstoriaAtchisonAthensAthensAthensAthensAthensAtholAtlantaAtlantaAtlanticAtlantic CityAtmoreAtokaAtticaAtticaAubreyAuburnAuburnAuburnAuburnAuburnAuburnAugustaAugustaAugustaAumsvilleAuroraAuroraAu SableAustinAustinAvaAvalonAvenalAvonAvondaleAvra ValleyAztecBad AxeBainbridgeBaker CityBakersfieldBald KnobBaldwinBaldwin CityBallingerBaltimoreBaltimoreBambergBandonBangorBarabooBarbourvilleBardstownBar HarborBarnesvilleBarnesvilleBarnstable TownBarnwellBarreBarronBarrowBarstowBartlesvilleBartlettBasaltBasehorBastropBastropBataviaBatesburgBatesvilleBatesvilleBatesvilleBathBaton RougeBattle CreekBattlement MesaBattle MountainBaxleyBaxter SpringsBayardBay CityBay CityBayfieldBay MinetteBealetonBeardstownBeatriceBeaufortBeaumontBeaverBeaver DamBeaver DamBeckerBeckleyBedfordBedfordBedfordBedfordBeebeBeecherBeevilleBeldingBelfairBelfastBelgradeBellefontaineBellefonteBelle FourcheBelle GladeBelle PlaineBellevueBellevueBellinghamBellows FallsBellsBellvilleBeloitBeloitBelterraBeltonBelvidereBelzoniBemidjiBendBennettsvilleBenningtonBensonBensonBensonBentonBentonBentonBenton CityBenton HarborBereaBerlinBerlinBerneBerrien SpringsBerryvilleBerryvilleBethanyBethelBethelBeulahBicknellBig Bear CityBig LakeBig Pine KeyBig RapidsBig SpringBig Stone GapBillingsBinghamtonBirch BayBirminghamBisbeeBiscoeBishopBishopBishopvilleBismarckBlackfootBlack River FallsBlacksburgBlackshearBlackstoneBlackwellBlairBlairsvilleBlakelyBlanchardBlanchesterBlandingBlissfieldBloomerBloomfieldBloomfieldBloomingtonBloomingtonBloomsburgBlountstownBlue EarthBluefieldBlufftonBlufftonBlytheBlythevilleBoardmanBoerneBogalusaBoiling Spring LakesBoiling SpringsBoise CityBolivarBolivarBolivarBonadelle RanchosBonhamBonifayBonita SpringsBonneauvilleBonners FerryBooneBooneBoonevilleBoonevilleBoonvilleBoonvilleBorgerBoscobelBostonBoulderBoulder CityBowieBowling GreenBowling GreenBowling GreenBox ElderBoyne CityBozemanBrackettvilleBradfordBradyBraidwoodBrainerdBrandonBransonBrattleboroBrawleyBrazoriaBreaux BridgeBreckenridgeBreckenridgeBreeseBremenBremenBremertonBrenhamBrentBrevardBrewtonBridgeportBridgeportBridgetonBridgevilleBrillionBrinkleyBristolBristowBroadwayBrockportBrockwayBrodheadBroken BowBroken BowBrookfieldBrookhavenBrookingsBrookingsBrooklynBrookshireBrookvilleBrownfieldBrowningBrowns MillsBrownstownBrownsvilleBrownsvilleBrownwoodBrunswickBrunswickBrunswickBrushBryanBuckeyeBuckhannonBuckhead (Bryan County)BucknerBucyrusBuena VistaBuena VistaBuffaloBuffaloBuffaloBuffaloBuhlBuies CreekBullhead CityBunkieBurasBurgawBurgettstownBurkburnettBurleyBurlingtonBurlingtonBurlingtonBurlingtonBurlingtonBurlingtonBurnetBurneyBurnsBurnt Store MarinaBushnellBushnellButlerButlerButlerButnerButteByronByronCacheCactusCadillacCadizCadizCairoCairoCalaisCaldwellCaldwellCaledoniaCalhounCaliforniaCalifornia CityCalipatriaCalistogaCamanoCamano NorthCamarilloCambriaCambridgeCambridgeCambridgeCambridgeCambridge CityCambridge SpringsCamdenCamdenCamdenCamdenCamdentonCameronCameronCamillaCampbellsvilleCamp VerdeCanadianCanbyCannon FallsCañon CityCantonCantonCantonCantonCantonCantonCanyonCanyon LakeCape CoralCape GirardeauCaptain CookCarbondaleCarbondaleCareyCaribouCarlinvilleCarlisleCarlsbadCarltonCarlyleCarmel Valley VillageCarmiCaroCarrizo SpringsCarrollCarrolltonCarrolltonCarrolltonCarrolltonCarson CityCartersvilleCarthageCarthageCarthageCarthageCarthageCaruthersvilleCasa GrandeCaseyCashmereCasperCassvilleCastle DaleCastle RockCastrovilleCatskillCazenoviaCedar CityCedaredgeCedar RapidsCedar SpringsCedartownCedarvilleCelinaCenterCentervilleCentral CityCentral CityCentraliaCentraliaCentraliaCentreCentrevilleCenturyChadronChaffeeChambersburgChampaignChandlerChanuteChaparralChardonCharitonCharles CityCharlestonCharlestonCharlestonCharlestonCharlestonCharlestownCharlestownCharlestownCharles TownCharlevoixCharlotteCharlotteCharlotte AmalieCharlottesvilleChase CityChatfieldChattahoocheeChattanoogaCheboyganChecotahChelanChelseaCheneyCherawCherokeeCherokee VillageCherryvilleChesapeake BeachChesneeChesterChesterChesterChestertownChetekCheyenneChicagoChickashaChicoChildressChillicotheChillicotheChiltonChinleChino ValleyChipleyChisholmChittenangoChowchillaChristianstedChristopherChurch PointChurchvilleCincinnatiCirclevilleCiscoClantonClareClaremontClaremoreClarindaClarionClarionClarksburgClarksdaleClarksvilleClarksvilleClarksvilleClaxtonClay CenterClaytonClearfieldClearlakeClear LakeClearlake RivieraClearwoodCleburneCle ElumClevelandClevelandClevelandClevelandClevelandClevelandClewistonCliftonCliftonClifton ForgeClifton SpringsClintonClintonClintonClintonClintonClintonClintonClintonvilleCloquetCloverCloverdaleClovisClydeClydeCoalingaCoamoCobleskillCochranCocoCodyCoeburnCoeur d'AleneCoffeyvilleCokatoColbyColchesterCold SpringCold SpringColdwaterColdwaterColemanColfaxColfaxCollege StationCollinsvilleColonial BeachColorado CityColorado CityColorado SpringsColumbiaColumbiaColumbiaColumbiaColumbiaColumbia CityColumbia FallsColumbianaColumbianaColumbusColumbusColumbusColumbusColumbusColumbusColumbusColumbusColumbus AFBColusaColvilleComancheComfortCommerceCommerceConcordConcordConcordConcordiaConesus LakeConneautConnellConnersvilleConradConroeConstantineConwayCookevilleCoolidgeCoopersvilleCoos BayCoquilleCorcoranCordeleCorinthCorinthCorneliaCorningCorningCorningCorona de TucsonCorpus ChristiCorryCorsicanaCortezCortlandCorvallisCorydonCoshoctonCottage GroveCottonportCottonwoodCottonwoodCotullaCountry LakesCovingtonCovingtonCovingtonCovingtonCoxsackieCozadCraigCraneCrawfordsvilleCrawfordvilleCrescent CityCrescent CityCrescoCressonCrestonCrestviewCreswellCreteCreweCrisfieldCrittendenCrockettCrooked Lake ParkCrookstonCrooksvilleCrosbyCross CityCrossettCrossvilleCrowleyCrozetCruz BayCrystal CityCrystal RiverCrystal SpringsCubaCueroCullmanCullowheeCulpeperCumberlandCumberlandCurwensvilleCushingCut BankCuthbertCynthianaDahlgrenDahlonegaDaingerfieldDalhartDallasDallasDaltonDaltonDanburyDandridgeDansvilleDanvilleDanvilleDanvilleDaphneDarbydaleDarienDavenportDavid CityDavisDavisDavis JunctionDawsonDaytonDaytonDaytonDaytonDaytonDecaturDecaturDecaturDecaturDecorahDededoDeer LodgeDeer ParkDeerwoodDefianceDe Funiak SpringsDeKalbDelanoDelanoDelavanDelhiDelhiDell RapidsDelphiDelphosDel RioDeltaDeltaDeltaDeltonaDemingDemopolisDe MotteDenisonDenmarkDentonDentonDenton SouthwestDenverDenver CityDe QueenDeQuincyDeRidderDermottDesert Hot SpringsDes MoinesDe SotoDe SotoDetroitDetroit LakesDevils LakeDevineDeWittDe WittDexterDiamondheadDibollDickinsonDicksonDilleyDillonDillonDimmittDiscovery BayDixonDixonDodge CenterDodge CityDodgevilleDonaldsonvilleDonalsonvilleDorrDos PalosDothanDouglasDouglasDouglasDouglasDoverDoverDowagiacDownsDrydenDublinDublinDuBoisDubuqueDuluthDumasDumasDuncanDundeeDunkirkDunkirkDunlapDunnDu QuoinDurandDurangoDurantDurantDurhamDwightDyerDyersburgDyersvilleEagarEagleEagle GroveEagle LakeEagle Mountain SouthEagle PassEarlimartEast AuroraEastlandEast LiverpoolEastmanEastonEast PalestineEast PrairieEast ProspectEast QuincyEast StroudsburgEast TawasEast TroyEatonEatonEaton RapidsEatontonEatonvilleEau ClaireEbensburgEdenEdentonEdgefieldEdgertonEdgewoodEdinboroEdnaEdwardsEffinghamEielson AFBElbertonEl CampoEl CentroEldonEl DoradoEldoradoEl DoradoEldorado at Santa FeEl Dorado SpringsElectraElginElizabeth CityElizabethtownElizabethtownElk CityElkhartElkhornElkinElkinsElkoElko New MarketElktonEllensburgEllenvilleEllijayEllsworthEllsworthEllsworthEllwood CityElmiraElmwoodEloyEl PasoEl PasoEl Paso de Robles (Paso Robles)El RenoElroyElversonElwoodElyElyEmajaguaEmerald BayEmmetsburgEmmettEmmitsburgEmporiaEmporiaEmporiumEnfieldEnglandEnidEnnisEnterpriseEphraimEphrataEppingErieErwinEscalonEscanabaEspanolaEspartoEstacadaEstes ParkEsthervilleEstrellaEtowahEudoraEufaulaEugeneEuniceEuniceEurekaEurekaEurekaEurekaEvanstonEvansvilleEvansvilleEvartsEverettEvergreenEvergreenEversonExcelsior SpringsFabensFairbanksFairburyFairburyFairdaleFairfieldFairfieldFairfieldFairfieldFairfield GladeFairfield HarbourFair HavenFairmontFairmontFairmontFairmountFairviewFajardoFalfurriasFallonFalls CityFargoFaribaultFarmersvilleFarmervilleFarmingtonFarmingtonFarmingtonFarmingtonFarmvilleFarmvilleFayetteFayetteFayettevilleFayettevilleFayettevilleFearrington VillageFederalsburgFellsmereFergus FallsFernandina BeachFernleyFerridayFilerFillmoreFindlayFirebaughFirestoneFitzgeraldFlagstaffFlemingsburgFlintFloraFlorenceFlorenceFlorenceFlorenceFlorenceFloresvilleFloridaFloydadaFoleyFolkstonFond du LacFordyceForestForest CityForest CityForest LakeForestvilleForksForneyForrest CityForsythForsythFort AtkinsonFort BraggFort BranchFort CollinsFort DefianceFort DodgeFort IrwinFort Leonard WoodFort LuptonFort MadisonFort MeadeFort MorganFort PayneFort PlainFort PolkFort ScottFort SmithFort StocktonFortunaFort ValleyFort Walton BeachFort WayneFostoriaFour CornersFour CornersFowlervilleFrankenmuthFrankfortFrankfortFranklinFranklinFranklinFranklinFranklin (Venango County)FranklinFranklinFranklintonFraserFrazier ParkFrederickFrederickFredericksburgFredericksburgFredericktownFreeportFremontFremontFremontFresnoFrionaFritchFront RoyalFrostproofFultonFultonFultonGadsdenGaffneyGainesvilleGainesvilleGainesvilleGalaxGalenaGalenaGalesburgGalionGallianoGallupGaltGalvestonGarapanGarden CityGardnerville RanchosGarnerGarnettGarrettsvilleGastoniaGatesvilleGautierGaylordGeneseoGeneseoGenevaGenevaGenevaGenoaGenoaGeorgetownGeorgetownGeorgetownGeorgetownGibson CityGiddingsGillespieGilletteGilmanGilmerGilroyGirardGladwinGlasgowGlasgowGlencoeGlendiveGlennvilleGlens FallsGlenvilleGlenwoodGlenwoodGlenwood SpringsGlobeGloucester CourthouseGlousterGloversvilleGold BeachGolden BeachGoldendaleGolden Gate EstatesGoldsboroGonzalesGonzalesGoodingGoodlandGoodrichGothenburgGouverneurGowandaGracevilleGraftonGraftonGrahamGramercyGranburyGrand BayGrand ForksGrand Forks AFBGrand IslandGrand JunctionGrand RapidsGrand RapidsGrand SalineGrandviewGrangerGrangerlandGrangevilleGranite FallsGranite FallsGranite ShoalsGrantsGrants PassGrantsvilleGrantvilleGranvilleGrass ValleyGrayGraylingGraysonGreat BarringtonGreat BendGreat FallsGreeleyGreen BayGreenbrierGreencastleGreenevilleGreenfieldGreenfieldGreenfieldGreen ForestGreen RiverGreensboroGreensboroGreensburgGreentownGreenvilleGreenvilleGreenvilleGreenvilleGreenvilleGreenvilleGreenvilleGreenvilleGreenvilleGreenwichGreenwoodGreenwoodGreenwoodGrenadaGridleyGriftonGrinnellGrissom AFBGroesbeckGrottoesGroveGrove CityGuadalupeGuayamaGuernevilleGulfportGun Barrel CityGun LakeGunnisonGunnisonGustineGuthrieGuymonGypsumHagerstownHaileyHaleiwaHaleyvilleHalf Moon BayHallsHallsvilleHamburgHamiltonHamiltonHamiltonHamiltonHammondHammontonHampshireHampsteadHamptonHamptonHancevilleHanfordHannibalHanoverHardeevilleHardinHardyston Township WestHarlanHarlanHarlemHarlingenHarrahHarrimanHarringtonHarrisburgHarrisburgHarrisburgHarrisburgHarrisonHarrisonHarrisonHarrisonburgHarrisonvilleHarrodsburgHartHartfordHartford CityHartshorneHartsvilleHartwellHarvardHaskellHastingsHastingsHastingsHattiesburgHavanaHavanaHavelockHavreHawaiian Paradise ParkHawkinsvilleHawthorneHaysHaytiHaywardHazardHazel GreenHazlehurstHazlehurstHazletonHeadlandHearneHeavenerHebbronvilleHeberHeber SpringsHebronHelenaHelenaHemetHempsteadHendersonHendersonHendersonHenriettaHenryettaHerefordHeritage LakeHermistonHesstonHeyworthHiawathaHibbingHickoryHicksvilleHidden Valley LakeHigginsvilleHighlandHighland OaksHigh PointHigh SpringsHillsboroHillsboroHillsboroHillsboroHillsboroHillsboroughHillsdaleHilmarHiloHilton Head IslandHinesvilleHintonHobartHobbsHodgenvilleHohenwaldHoisingtonHolbrookHolden BeachHoldenvilleHoldregeHoliday ShoresHollandHollandaleHollisterHolloman AFBHollyHolly SpringsHoltonHoltvilleHomedaleHomerHomervilleHomesteads AdditionHominyHomosassa SpringsHondoHonea PathHoneoye FallsHonesdaleHonokaaHood RiverHooksHoopestonHoosick FallsHopeHopkinsvilleHoriconHornellHorse CaveHorseshoe BayHot SpringsHot SpringsHot Springs VillageHoughtonHoughton LakeHoultonHoumaHoustonHoustonHoutzdaleHudsonHudsonHugoHugotonHumboldtHumboldtHuntingburgHuntingdonHuntingtonHuntingtonHuntsvilleHuntsvilleHuronHuronHurricaneHutchinsonHutchinsonHuxleyIdabelIdaho FallsIlionImlay CityImmokaleeIncline VillageIndependenceIndependenceIndianaIndianapolisIndianolaIndianolaIndianolaIndiantownIndioInglesideInterlachenInternational FallsIolaIoneIoniaIowaIowa CityIowa FallsIowa ParkIron MountainIron RiverIrontonIronwoodIrrigonIrvineIshpemingIthacaItta BenaJacksboroJacksonJacksonJacksonJacksonJacksonJacksonJacksonJacksonJacksonJacksonvilleJacksonvilleJacksonvilleJacksonvilleJacksonJaffreyJamestownJamestownJamestownJanesvilleJasperJasperJasperJasperJasperJasperJayuyaJeaneretteJean LafitteJeffersonJeffersonJeffersonJeffersonJefferson CityJefferson Township NorthJenaJenningsJeromeJersey ShoreJerseyvilleJesupJewett CityJim ThorpeJohnson CityJohnson CreekJohnson LaneJohnston CityJohnstownJohnstownJohnstownJonesboroJonesboroJones CreekJoplinJordanJuana DíazJunctionJunction CityJunction CityJuneauJuneauJupiter FarmsJustinKahuluiKailua (Hawaii County)Kailua (Honolulu County)KalaheoKalamaKalamazooKalispellKalkaskaKamasKanabKaneKankakeeKansas CityKapaaKapaauKaplanKarnes CityKassonKaufmanKayentaKearneyKearneyKeeneKekahaKelloggKelseyvilleKemmererKenaiKendallvilleKenedyKennebunkKennettKennewickKenoshaKentonKeokukKermanKermitKerrvilleKetchikanKetchumKewaneeKewauneeKey LargoKeyserKeystone HeightsKey WestKielKiheiKilaueaKilgoreKill Devil HillsKilleenKimberling CityKing CityKingfisherKing GeorgeKingmanKingmanKingslandKingsportKingstonKingstreeKingsvilleKingwoodKinrossKinstonKirksvilleKirtlandKissimmeeKittanningKlamath FallsKnightstownKnoxKnoxvilleKnoxvilleKodiakKokomoKosciuskoKotzebueKrumKunaKutztownLaBelleLa CenterLaconiaLa ConnerLa CrosseLady LakeLadysmithLaFayetteLafayetteLafayetteLafayetteLafayetteLa FolletteLago VistaLa GrandeLaGrangeLagrangeLa GrangeLaGrangeLa GrangeLahainaLaieLa JuntaLake ArrowheadLake ArthurLake BryantLake ButlerLake CharlesLake CityLake CityLake CityLake Conroe EastshoreLake Conroe NorthshoreLake Conroe WestshoreLake CrystalLake DeltonLake GenevaLake Havasu CityLake HolidayLake IsabellaLake JacksonLake LakengrenLakelandLakelandLake Land'OrLake Los AngelesLake MeadeLake MillsLake MontezumaLake MonticelloLake Murray North ShoreLake Norman of CatawbaLake of the PinesLake of the WoodsLake of the WoodsLake PanasoffkeeLake ParkLake PlacidLake PlacidLake PocotopaugLakeportLake ProvidenceLake Rancho ViejoLakesLake ViewLakeviewLake VillageLake WildwoodLamarLamarLamesaLampasasLanai CityLancasterLancasterLancasterLancasterLancasterLancasterLanderLandrumLansingLapeerLa Pine NorthwestLaramieLaredoLarnedLas AnimasLas CrucesLas VegasLas VegasLaughlinLaurelLaurelLaurel LakeLaurensLaurinburgLauriumLawrenceLawrenceburgLawrenceburgLawrenceburgLawrencevilleLawrencevilleLawtonLeadLeadvilleLeavenworthLeavenworthLebanonLebanonLebanonLebanonLebanonLebanonLebanonLebanonLeeLeesburgLeesburgLee's SummitLeesvilleLeitchfieldLelandLe MarsLemoore StationLenaLeominsterLeonardtownLe RoyLe RoyLe SueurLevellandLewesLewisburgLewisburgLewistonLewistonLewistownLewistownLexingtonLexingtonLexingtonLexingtonLexingtonLexington ParkLibbyLiberalLibertyLibertyLigonierLigonierLihueLillingtonLimaLincolnLincolnLincolnLincoln CityLincolntonLindaleLindsayLindsayLindsborgLindstromLintonLisbonLitchfieldLitchfieldLitchfieldLittle FallsLittle FallsLittlefieldLittle RockLittlestownLittletonLive Oak (Sutter County)Live OakLivermoreLivermore FallsLivingstonLivingstonLivingstonLivoniaLlanoLochbuieLockhartLock HavenLockportLocustLodiLodiLodiLoganLoganLoganLogansportLoloLompocLondonLondonLong BeachLongmontLong NeckLong PrairieLongviewLongviewLonokeLonsdaleLoogooteeLorainLos AlamosLos AngelesLos BanosLos LunasLos MolinosLouisaLouisburgLouisburgLouisianaLouisvilleLouisvilleLouisville/Jefferson CountyLovingtonLowellLowellLowvilleLubbockLucasvilleLucedaleLudingtonLufkinLulaLulingLumbertonLurayLuverneLykensLynchburgLyndenLyndonvilleLyonsLytleMabtonMcAlesterMcAllenMacclennyMcCombMcConnelsvilleMcCookMcFarlandMcGeheeMcGregorMcKenzieMackinawMcKinneyMcLeansboroMcMinnvilleMcMinnvilleMacombMaconMaconMaconMcPhersonMcRaeMaderaMadillMadisonMadisonMadisonMadisonMadisonMadisonMadisonvilleMadisonvilleMadisonvilleMadrasMageeMagnoliaMagnoliaMahometMaidenMalakoffMaldenMaloneMalvernMalvernMammoth LakesMamouManchesterManchesterManchesterManchesterManchesterManchesterMandevilleMangumManhattanManilaManisteeManistiqueManitowocMankatoMannfordManningManorMansfieldMansfieldMansfieldMantecaManteoMantiManyMaquoketaMarana WestMarathonMarble FallsMarengoMariannaMariannaMaricaoMaricopaMariettaMarinetteMarionMarionMarionMarionMarionMarionMarion OaksMarksMarksvilleMarlinMarlowMarquetteMarseillesMarshallMarshallMarshallMarshallMarshallMarshallMarshalltownMarshfieldMarshfieldMartinMartinsburgMartinsvilleMartinsvilleMarysvilleMarysvilleMarysvilleMaryvilleMascoutahMason CityMasontownMassenaMathisMattawaMattoonMauldinMaustonMayagüezMaybrookMayfieldMayodanMaysvilleMayvilleMazomanieMeadvilleMeccaMedfordMedfordMedical LakeMedinaMedinaMelroseMemphisMenaMendotaMendotaMenomonieMercedMercerMeridianMerrillMescalero ParkMesquiteMetamoraMetropolisMetterMexiaMexicoMeyersdaleMiamiMiamiMichigan CityMiddleburyMiddleburyMiddlefieldMiddleportMiddlesboroughMiddletownMiddletownMiddletownMiddletownMiddlevilleMidlandMidlandMifflinburgMifflintownMilacaMilanMilanMilbankMiles CityMilfordMilfordMilledgevilleMillenMillersburgMillersburgMillinocketMillsboroMillsboroMillstadtMiltonMiltonMiltonMilwaukeeMindenMindenMineolaMineral WellsMinervaMinneapolisMinotMinot AFBMission ViejoMissoulaMissouri ValleyMitchellMitchellMoabMoapa ValleyMoberlyMobileMobridgeMocksvilleModestoMojaveMolallaMomenceMonahansMonessenMonettMonmouthMonmouthMonroeMonroeMonroeMonroeMonroevilleMontaukMont BelvieuMontereyMontesanoMontevideoMonte VistaMontezumaMontgomeryMontgomeryMontgomeryMontgomeryMontgomery CityMonticelloMonticelloMonticelloMonticelloMonticelloMonticelloMonticelloMonticelloMontpelierMontroseMontroseMoodusMoorefieldMoore HavenMoorheadMoose LakeMoraMoreheadMorehead CityMorganMorgan CityMorganfieldMorgantownMorriltonMorrisMorrisMorrisonMorristownMorro BayMortonMoscowMoscowMoses LakeMoultonMoultrieMoundvilleMountain CityMountain GroveMountain HomeMountain HomeMountain Home AFBMountain HouseMountain Lake ParkMount AiryMount AngelMount CarmelMount GileadMount Holly SpringsMount Hood VillageMount HorebMount MorrisMount MorrisMount OliveMount OrabMount PleasantMount PleasantMount PleasantMount PleasantMount PleasantMount PoconoMount ShastaMount SterlingMount SterlingMount UnionMount VernonMount VernonMount VernonMount VernonMount VernonMount VernonMount VernonMount VernonMukwonagoMuldrowMuleshoeMullinsMuncieMuncyMunisingMurfreesboroMurfreesboroMurphysboroMurrayMurrietaMuscatineMuskegonMuskogeeMyrtle BeachMystic IslandNacogdochesNampaNantucketNantyNapaNapoleonNappaneeNarrowsNashuaNashvilleNashvilleNashvilleNashvilleNassau VillageNatchezNatchitochesNavasotaNebraska CityNeedlesNeedvilleNelsonNelsonvilleNeodeshaNeoshoNephiNevadaNevadaNew AlbanyNewarkNewarkNewaygoNew BadenNew BedfordNewbergNew BernNewberryNewberryNew BostonNew BremenNew CarlisleNew CastleNew CastleNew CastleNewcastleNewcomerstownNew ConcordNew CordellNewfaneNew FreedomNew HamptonNew HavenNew LebanonNew LexingtonNew LondonNew LondonNew MadridNewmanNew MartinsvilleNew OrleansNew PhiladelphiaNewportNewportNewportNewportNewportNewportNewportNew PragueNew RichmondNew RichmondNew RoadsNew TazewellNewtonNewtonNewtonNewtonNewtonNew UlmNew WilmingtonNew YorkNicholasvilleNine Mile FallsNipomoNoconaNogalesNokomisNomeNorfolkNormanNorrisNorth AdamsNorth BaltimoreNorth BranchNorth BrookfieldNorth ConwayNorth Eagle ButteNorth EastNorthern CambriaNorthfieldNorthfieldNorth ManchesterNorth PlatteNorth PortNorth ShoreNorth VernonNorth WebsterNorth WilkesboroNortonNortonNorwalkNorwichNorwichNorwood Young AmericaNowataNyssaOakdaleOak HarborOak HarborOakhurstOak IslandOaklandOakland CityOakridgeOberlinOcalaOcala EstatesOceanaOcean ParkOcean PinesOcean ShoresOcean ViewOcillaOcontoOconto FallsOdemOdessaOdessaOelweinOgallalaOgdenOgdensburgOil CityOkeechobeeOkemahOklahoma CityOkmulgeeOleanOlneyOlneyOlympiaOmahaOmakOmroOnalaskaOnawaOneidaOneidaO'NeillOneontaOneontaOntarioOostburgOpelousasOppOrangeOrangeburgOrange CityOrange CoveOrangetreeOregonOregonOrlandOrlandoOrofinoOrosiOrovilleOrrvilleOrwigsburgOsageOsage BeachOsage CityOsawatomieOsburnOsceolaOsceolaOsceolaOshkoshOskaloosaOssianOswegoOthelloOtisvilleOtsegoOttawaOttawaOttawaOttumwaOwatonnaOwegoOwensboroOwensvilleOwossoOxfordOxfordOxfordOxnardOzarkOzarkOzonaPacificPaden CityPaducahPagePagelandPagosa SpringsPahokeePahrumpPaintsvillePalaciosPalatkaPalestinePalm BayPalm CoastPalmyraPalmyraPaloma Creek SouthPampaPanaPanama CityPanama City NortheastPaolaPaoliParadiseParagouldParisParisParisParisParisPark CityParkerParkersburgPark RapidsParlierParowanParsonsPascagoulaPattersonPattonPauldingPauls ValleyPawhuskaPawleys IslandPawneePaw PawPaw Paw LakePaxtonPaysonPeaceful ValleyPearisburgPearsallPecan AcresPecan PlantationPecosPelhamPellaPell CityPembrokePendletonPenn YanPensacolaPeoriaPeotonePerhamPerryPerryPerryPerryPerryPerrytonPerryvillePeruPeruPeshtigoPetalumaPeterboroughPetersburgPetersburgPetoskeyPhelanPhiladelphiaPhiladelphiaPhilippiPhilipsburgPhillipsburgPhoenixPicayunePicture RocksPiedmontPierrePierre PartPiggottPikevillePilot PointPinckneyvillePine BluffPine CityPine GrovePinehurstPine IslandPine RidgePipestonePiquaPittsboroPittsburgPittsburgPittsburghPittsfieldPittsfieldPittsfieldPlacervillePlain CityPlainviewPlainviewPlanadaPlatte CityPlattevillePlattsburghPlattsmouthPleasant HillPleasantonPleasant ViewPlumas LakePlymouthPlymouthPlymouthPlymouthPocahontasPocatelloPocomoke CityPocono Woodland LakesPoincianaPoinciana SouthwestPoint PleasantPojoaquePolk CityPolsonPonca CityPoncePontiacPontotocPoolesvillePoplarPoplar BluffPoplarPortagePortagePortagevillePortalesPort AngelesPort ArthurPort BarrePort ClintonPortervillePort HadlockPort HuronPort IsabelPort JervisPortlandPortlandPortlandPortlandPortlandPort LavacaPortolaPort St. JoePort St. LuciePortsmouthPortsmouthPort TownsendPostPoteauPoteetPotosiPotsdamPottstownPottsvillePoughkeepsiePowellPrairie du ChienPrairie du SacPrairie GrovePrairie ViewPrattPremontPrescottPrescottPrescott ValleyPresidential Lakes EstatesPresidioPresque IslePrestonPrestonsburgPricePricevillePrince FrederickPrincess AnnePrincetonPrincetonPrincetonPrincetonPrincevillePrinevilleProvidenceProvincetownProvoPryor CreekPuebloPukalaniPulaskiPulaskiPulaskiPullmanPunxsutawneyPurcellPurcellvilleQuarryvilleQuartzsiteQuincyQuincyQuincyQuitmanQuitmanRacineRainbow Lakes EstatesRaleighRamonaRamseurRancho CalaverasRancho MurietaRantoulRapid CityRathdrumRatonRavenaRavenswoodRawlinsRaymondRaymondRaymondvilleRayneRayvilleReadingRed BluffRed BudReddingRed HookRedmondRed OakRed SpringsRed WingRedwood FallsReedleyReedsburgReedsportRefugioReidsvilleReidsvilleRenoRensselaerRexburgReynoldsvilleRhinebeckRhinelanderRice LakeRichfieldRichgroveRichland CenterRichlandsRichlands SouthRichmondRichmondRichmondRichmondRichmondRidgecrestRidgefieldRidgelandRidge ManorRidgwayRifleRigbyRinconRio BravoRio DellRio Grande CityRio HondoRio Rico NortheastRio VistaRipleyRipleyRipleyRiponRiverdaleRiver FallsRiversideRivertonRoanokeRoanokeRoanoke RapidsRoaring SpringRobertsdaleRobinsonRobstownRochelleRochesterRochesterRochesterRockdaleRockfordRockfordRock HillRockinghamRocklandRockmartRockportRock SpringsRock ValleyRockvilleRocky FordRocky MountRocky MountRogers CityRogersvilleRogersvilleRollaRomancokeRomeRomeRooseveltRosamondRoseauRoseburgRose HillRoswellRound Lake BeachRoxboroRoxborough ParkRoystonRuckersvilleRugbyRuidosoRulevilleRumfordRunning SpringsRupertRush CityRushvilleRushvilleRuskRussellRussells PointRussellvilleRussellvilleRussellvilleRustonRutlandSabethaSabinaSacramentoSaffordSaginawSahuaritaSt. AlbansSt. AnthonySt. AugustineSt. CharlesSt. ClairSt. CloudSte. GenevieveSt. FrancisSt. GeorgeSt. HelenaSt. HelensSt. IgnaceSt. JamesSt. JamesSt. JamesSt. JohnsSt. JohnsSt. JohnsburySt. JosephSt. JosephSt. LouisSt. MariesSt. MartinvilleSt. MarysSt. MarysSt. MarysSt. MarysSt. MarysSt. PaulsSt. PeterSt. SimonsSalamancaSalemSalemSalemSalemSalemSalemSalidaSalinaSalinasSalisburySallisawSalmonSaltilloSalt Lake CitySaludaSan AngeloSan AntonioSan CarlosSandersvilleSan DiegoSan DiegoSandpointSanduskySanduskySandySanfordSanfordSan FranciscoSangerSangerSan GermánSan JoaquinSan JoseSan Jose (Tinian Municipality)San JuanSan LuisSan Luis ObispoSan ManuelSan MarcosSan SabaSanta BarbaraSanta ClaritaSanta CruzSanta FeSanta IsabelSanta MariaSanta PaulaSantaquinSanta RosaSanta RosaSanta Rosa BeachSanto Domingo PuebloSaranac LakeSarasotaSaratoga SpringsSauk CentreSault Ste. MarieSavannaSavannahSavannahSavannahSaw CreekSayreSayreSchulenburgSchuylerScott CityScott CityScottsbluffScottsboroScottsburgScottsvilleScrantonSealySearcySeasideSeasideSeattleSebastianSebringSedaliaSedonaSeguinSelmaSelmaSelmerSeminoleSeminoleSenatobiaSenecaSequimSeven LakesSeveranceSeviervilleSevilleSewardSeymourSeymour (Outagamie County)Shady CoveShady SideShafterShallowaterShamokinShannondaleShawanoShawneeSheboyganShelbyShelbyShelbyShelbyvilleShelbyvilleShelbyvilleShelbyvilleSheldonShelleySheltonShenandoahShenandoahShepherdstownSheridanSheridanSheridanSheridanShermanShippensburgShiprockShorewood ForestShow LowShreveportSibleySidneySidneySidneySidneySierra ViewSierra VistaSikestonSiler CitySiloam SpringsSilsbeeSiltSilver CitySilver CreekSilver LakesSilverthorneSilvertonSimi ValleySintonSioux CenterSioux CitySioux FallsSissonvilleSitkaSkaneatelesSkiatookSkowheganSlatonSleepy EyeSlidellSlippery RockSmithfieldSmithfieldSmithtonSmithvilleSmithvilleSmithville NorthSneads FerrySnoqualmieSnowflakeSnyderSocial CircleSocorroSoda SpringsSodusSoldotnaSoledadSolvangSomersetSomersetSomersetSomersetSomertonSonomaSonoraSonoraSopertonSouth BendSouth BostonSouth DeerfieldSouth FallsburgSouth HavenSouth HillSouth Lake TahoeSouth LyonSoutholdSouth ParisSouth PittsburgSouth VacherieSpartaSpartaSpartaSpartaSpartaSpartanburgSpearfishSpearmanSpencerSpencerSpirit LakeSpokaneSpoonerSpout SpringsSpring Creek NorthSpring Creek SouthSpringfieldSpringfieldSpringfieldSpringfieldSpringfieldSpringfieldSpringfieldSpring HillSpring HillSpringhillSpring HillSpringsSpringtownSpringvilleSpringvilleSpruce PineStafford SpringsStamfordStanfordStanleyStansbury ParkStantonStanwoodStaplesStarStarkeStarkvilleState CollegeStatesboroStauntonStauntonStaytonSteamboat SpringsSteelevilleStephenvilleSterlingSterlingStevens PointStewartstownStewartvilleStiglerStillwaterStilwellStocktonStorm LakeStory CityStrasburgStrawberry PlainsStreatorStuarts DraftSturgeon BaySturgisSturgisStuttgartSugarmill WoodsSullivanSullivanSullivanSullivan CitySulphurSulphur SpringsSultanSumitonSummersvilleSummervilleSummit ParkSumterSunburySun City Hilton HeadSunnysideSunrise ShoresSunsetSuperiorSusanvilleSusquehanna DepotSutherlinSwainsboroSwansboroSwantonSweenySweet HomeSweetwaterSweetwaterSylacaugaSylvan BeachSylvaniaSylvesterSyracuseSyracuseTabor CityTaftTaftTafunaTahlequahTahokaTalladegaTallahasseeTallasseeTallulahTamaTamaquaTampaTaneytownTaosTappahannockTarboroTaylorTaylorsvilleTaylorvilleTazewellTeaTeagueTehachapiTell CityTempleTerra BellaTerre HauteTerrellTexarkanaTexas CityThayerThe DallesThermopolisThief River FallsThomastonThomasvilleThomasvilleThomsonThousand OaksThree RiversThurmontTiconderogaTiffinTiftonTillamookTiptonTiptonTiptonTiptonTitusvilleTitusvilleToccoaToledoToledoTomahTomahawkTonganoxieTonkawaTooeleTopekaToppenishTornilloTorringtonTorringtonTowandaTracyTraverse CityTreasure LakeTremontonTrentonTrentonTrentonTrentonTrentonTrentonTriTrinidadTrinityTroyTroyTroyTruckeeTrumannTruth or ConsequencesTuba CityTucsonTucumcariTularosaTuliaTullahomaTulsaTunicaTunkhannockTupeloTupper LakeTurlockTuscaloosaTuscolaTuskegeeTuttleTwentynine PalmsTwentynine Palms BaseTwin FallsTwin LakesTwin RiversTwo HarborsTybee IslandTylerTyroneUkiahUlyssesUnadillaUnionUnionUnion CityUnion CityUnion CityUnion GroveUnion SpringsUniontownUplandUpper Greenwood LakeUpper SanduskyUrbanaUrban HonoluluUticaUvaldeVacavilleVadoVailVailValatieValdostaValentineVallejoValley CityValleyVanVandaliaVandaliaVandenberg AFBVan WertVassarVenetaVenusVergennesVermillionVernalVernonVersaillesVersaillesVicksburgVictoriaVictorvilleVidaliaViennaVieques (Vieques Municipio)Village of Four SeasonsVillage of Oak Creek (Big Park)VillasVille PlatteVincennesVinelandVineyard HavenVinitaVintonVintonVirdenVirginiaVirginia BeachViroquaVisaliaVistanciaVivianWabashWacoWaconiaWadenaWadesboroWagonerWahooWahpetonWaikoloa VillageWaimea (Hawaii County)WaldenWaldorfWaldportWaldronWalkertonWallaceWalla WallaWalnut RidgeWalsenburgWalterboroWaltersWaltonWalworthWalworthWamegoWapakonetaWapatoWardenWareWarner RobinsWarrenWarrenWarrensburgWarrensburgWarrentonWarsawWarsawWarsawWarsawWarwickWascoWasecaWashingtonWashingtonWashingtonWashingtonWashingtonWashingtonWashingtonWashington Court HouseWashoe ValleyWatchtowerWaterburyWaterburyWaterfordWaterlooWaterlooWaterlooWatertownWatertownWatertownWatertownWater ValleyWatervilleWatkins GlenWatongaWatsekaWatsonvilleWauchulaWaukonWaupacaWaupunWausauWauseonWautomaWaverlyWaverlyWaverlyWaverly CityWaycrossWaylandWayneWaynesboroWaynesboroWaynesboroWaynesburgWeatherfordWeatherfordWebster CityWedgefieldWeedsportWeirtonWeiserWelchWellingtonWellingtonWellingtonWellsvilleWelshWenatcheeWendellWendellWestWest BendWest ColumbiaWesternportWestfieldWest FrankfortWest JeffersonWest LafayetteWest LibertyWestminsterWestonWeston LakesWest PlainsWest PointWest PointWest PointWest PointWest TawakoniWest UnionWestvilleWest WendoverWetumpkaWewokaWeyers CaveWhartonWheatlandWheatlandWheelingWhispering PinesWhitefishWhite HallWhitehallWhiteman AFBWhite PineWhiteriverWhite RockWhitesboroWhite Sulphur SpringsWhitevilleWhitewaterWichitaWichita FallsWickenburgWigginsWilburtonWillardWillardWillcoxWilliamsWilliamsWilliamsburgWilliamsburgWilliamsburgWilliamsonWilliamsportWilliamstonWilliamstonWilliamstownWilliamstownWillimanticWillistonWillistonWillitsWillmarWillowsWills PointWilmingtonWilmingtonWilmoreWilsonWiltonWinamacWinchesterWinchesterWinchesterWinchesterWinderWindomWindow RockWindsorWindsorWindsorWinfieldWinneconneWinnemuccaWinnerWinnfieldWinnieWinnsboroWinnsboroWinnsboroWinonaWinonaWinslowWinstonWinter HavenWintersWintersWintersetWisconsin RapidsWolf PointWonder LakeWoodburnWoodburyWoodcreekWoodlakeWoodlandWoodlandWoodland ParkWoodruffWoodstockWoodstockWoodstockWoodstownWoodvilleWoodvilleWoodwardWoosterWorcesterWorlandWorld Golf VillageWorthingtonWright CityWrightstownWrightsvilleWrightwoodWurtsboroWynneWythevilleYadkinvilleYakimaYanktonYaucoYazoo CityYellow SpringsYelmYeringtonYoakumYorkYorkYorkYorkvilleYoungstownYoungsvilleYountvilleYrekaYuba CityYucca ValleyYuleeYumaYumaZanesvilleZapataZephyrhillsZimmermanZumbrotaZuni Pueblo